Building,mean_kWh,min_kWh,max_kWh,total_kWh
Engineering,70.87089428623979,51.10641348647505,90.741587398022,51027.043886092644
Hostel,65.87089428623979,46.10641348647505,85.74158739802199,47427.043886092644
Library,60.87089428623978,41.10641348647505,80.74158739802199,43827.043886092644
